시각,시간,시청률 평균,시각
600,06:00,0.0014070351758793975,600
601,06:01,0.001648241206030151,601
602,06:02,0.0014924623115577895,602
603,06:03,0.0016582914572864326,603
604,06:04,0.0018492462311557793,604
605,06:05,0.0015427135678391965,605
606,06:06,0.0015276381909547741,606
607,06:07,0.0018391959798994978,607
608,06:08,0.0020000000000000005,608
609,06:09,0.001407035175879397,609
610,06:10,0.0013266331658291458,610
611,06:11,0.001532663316582915,611
612,06:12,0.0015175879396984923,612
613,06:13,0.0023366834170854274,613
614,06:14,0.0016080402010050252,614
615,06:15,0.0016532663316582916,615
616,06:16,0.0012010050251256281,616
617,06:17,0.0009798994974874373,617
618,06:18,0.0009648241206030154,618
619,06:19,0.001226130653266332,619
620,06:20,0.0013869346733668343,620
621,06:21,0.0011557788944723624,621
622,06:22,0.0015226130653266338,622
623,06:23,0.00170854271356784,623
624,06:24,0.0011105527638190958,624
625,06:25,0.001477386934673367,625
626,06:26,0.0015778894472361815,626
627,06:27,0.001482412060301508,627
628,06:28,0.0013065326633165833,628
629,06:29,0.0012010050251256284,629
630,06:30,0.0009195979899497489,630
631,06:31,0.0010904522613065328,631
632,06:32,0.001623115577889448,632
633,06:33,0.0022060301507537696,633
634,06:34,0.0016633165829145736,634
635,06:35,0.0021708542713567845,635
636,06:36,0.0016532663316582916,636
637,06:37,0.001678391959798995,637
638,06:38,0.00192462311557789,638
639,06:39,0.001577889447236181,639
640,06:40,0.0019798994974874378,640
641,06:41,0.0018492462311557791,641
642,06:42,0.0015577889447236186,642
643,06:43,0.0019296482412060308,643
644,06:44,0.0017437185929648246,644
645,06:45,0.0015728643216080408,645
646,06:46,0.0013819095477386938,646
647,06:47,0.001698492462311558,647
648,06:48,0.0020502512562814075,648
649,06:49,0.001683417085427136,649
650,06:50,0.0016381909547738699,650
651,06:51,0.0018090452261306537,651
652,06:52,0.001321608040201005,652
653,06:53,0.0015427135678391963,653
654,06:54,0.0013115577889447237,654
655,06:55,0.001341708542713568,655
656,06:56,0.001562814070351759,656
657,06:57,0.0016783919597989953,657
658,06:58,0.0008743718592964824,658
659,06:59,0.000743718592964824,659
700,07:00,0.001020100502512563,700
701,07:01,0.0011608040201005027,701
702,07:02,0.0009899497487437187,702
703,07:03,0.0010653266331658293,703
704,07:04,0.0010050251256281406,704
705,07:05,0.001984924623115578,705
706,07:06,0.0022562814070351766,706
707,07:07,0.0019095477386934679,707
708,07:08,0.0014824120603015077,708
709,07:09,0.0015678391959798998,709
710,07:10,0.0014271356783919602,710
711,07:11,0.0020502512562814083,711
712,07:12,0.0014572864321608042,712
713,07:13,0.0017437185929648248,713
714,07:14,0.0012914572864321607,714
715,07:15,0.001577889447236181,715
716,07:16,0.00135678391959799,716
717,07:17,0.00207035175879397,717
718,07:18,0.002201005025125629,718
719,07:19,0.0013869346733668343,719
720,07:20,0.0021206030150753776,720
721,07:21,0.0018040201005025127,721
722,07:22,0.001085427135678392,722
723,07:23,0.0014070351758793975,723
724,07:24,0.001733668341708543,724
725,07:25,0.0019798994974874373,725
726,07:26,0.0015829145728643219,726
727,07:27,0.0019899497487437193,727
728,07:28,0.0019045226130653273,728
729,07:29,0.0015728643216080408,729
730,07:30,0.002150753768844222,730
731,07:31,0.00277889447236181,731
732,07:32,0.0027085427135678398,732
733,07:33,0.0025075376884422123,733
734,07:34,0.0032512562814070362,734
735,07:35,0.0032814070351758805,735
736,07:36,0.0028894472361809054,736
737,07:37,0.003170854271356785,737
738,07:38,0.003412060301507539,738
739,07:39,0.0030552763819095487,739
740,07:40,0.002130653266331659,740
741,07:41,0.0022060301507537696,741
742,07:42,0.0027437185929648253,742
743,07:43,0.002899497487437187,743
744,07:44,0.0034371859296482427,744
745,07:45,0.0030954773869346745,745
746,07:46,0.0036582914572864337,746
747,07:47,0.003713567839195982,747
748,07:48,0.0038743718592964844,748
749,07:49,0.0035427135678391974,749
750,07:50,0.003050251256281408,750
751,07:51,0.003055276381909549,751
752,07:52,0.0032010050251256293,752
753,07:53,0.0031055276381909552,753
754,07:54,0.0033015075376884436,754
755,07:55,0.0035175879396984935,755
756,07:56,0.004396984924623118,756
757,07:57,0.003683417085427137,757
758,07:58,0.0034020100502512576,758
759,07:59,0.003683417085427137,759
800,08:00,0.00320603015075377,800
801,08:01,0.0031005025125628157,801
802,08:02,0.0029246231155778905,802
803,08:03,0.0027437185929648253,803
804,08:04,0.0023618090452261317,804
805,08:05,0.0028592964824120616,805
806,08:06,0.003291457286432162,806
807,08:07,0.0033165829145728656,807
808,08:08,0.003648241206030152,808
809,08:09,0.0038040201005025147,809
810,08:10,0.0034120603015075396,810
811,08:11,0.003246231155778896,811
812,08:12,0.0030954773869346745,812
813,08:13,0.0037839195979899516,813
814,08:14,0.00391959798994975,814
815,08:15,0.003412060301507539,815
816,08:16,0.0034723618090452277,816
817,08:17,0.0037236180904522626,817
818,08:18,0.0036984924623115595,818
819,08:19,0.0031708542713567846,819
820,08:20,0.002829145728643217,820
821,08:21,0.0031457286432160815,821
822,08:22,0.0031005025125628153,822
823,08:23,0.0033919597989949756,823
824,08:24,0.0035929648241206044,824
825,08:25,0.003683417085427137,825
826,08:26,0.003688442211055278,826
827,08:27,0.004718592964824124,827
828,08:28,0.00448743718592965,828
829,08:29,0.004351758793969851,829
830,08:30,0.004246231155778896,830
831,08:31,0.004296482412060303,831
832,08:32,0.005030150753768847,832
833,08:33,0.005085427135678394,833
834,08:34,0.004934673366834174,834
835,08:35,0.0044371859296482435,835
836,08:36,0.003899497487437188,836
837,08:37,0.0035527638190954785,837
838,08:38,0.003402010050251257,838
839,08:39,0.003221105527638192,839
840,08:40,0.003603015075376886,840
841,08:41,0.003311557788944725,841
842,08:42,0.00363316582914573,842
843,08:43,0.0035678391959799004,843
844,08:44,0.0034572864321608054,844
845,08:45,0.0036532663316582925,845
846,08:46,0.004040201005025127,846
847,08:47,0.0038040201005025143,847
848,08:48,0.003673366834170855,848
849,08:49,0.003753768844221106,849
850,08:50,0.0035276381909547755,850
851,08:51,0.0029899497487437194,851
852,08:52,0.0036381909547738706,852
853,08:53,0.004201005025125631,853
854,08:54,0.00434673366834171,854
855,08:55,0.0034020100502512576,855
856,08:56,0.0033618090452261318,856
857,08:57,0.0035075376884422123,857
858,08:58,0.004522613065326636,858
859,08:59,0.0036080402010050267,859
900,09:00,0.003050251256281408,900
901,09:01,0.0030150753768844224,901
902,09:02,0.002809045226130654,902
903,09:03,0.002793969849246232,903
904,09:04,0.0034221105527638203,904
905,09:05,0.003608040201005027,905
906,09:06,0.0051356783919598,906
907,09:07,0.004562814070351761,907
908,09:08,0.003959798994974876,908
909,09:09,0.00441206030150754,909
910,09:10,0.0037537688442211077,910
911,09:11,0.004306532663316585,911
912,09:12,0.004125628140703519,912
913,09:13,0.004381909547738695,913
914,09:14,0.003386934673366836,914
915,09:15,0.003587939698492464,915
916,09:16,0.0035577889447236197,916
917,09:17,0.0033618090452261318,917
918,09:18,0.0030552763819095487,918
919,09:19,0.002974874371859298,919
920,09:20,0.0029899497487437194,920
921,09:21,0.003306532663316584,921
922,09:22,0.003804020100502514,922
923,09:23,0.0037537688442211064,923
924,09:24,0.0038291457286432178,924
925,09:25,0.004075376884422113,925
926,09:26,0.003939698492462314,926
927,09:27,0.00433668341708543,927
928,09:28,0.0036733668341708565,928
929,09:29,0.0042512562814070376,929
930,09:30,0.004030150753768846,930
931,09:31,0.0034773869346733676,931
932,09:32,0.004226130653266333,932
933,09:33,0.003949748743718595,933
934,09:34,0.00356281407035176,934
935,09:35,0.004195979899497489,935
936,09:36,0.0038994974874371883,936
937,09:37,0.004145728643216082,937
938,09:38,0.0037437185929648257,938
939,09:39,0.003884422110552766,939
940,09:40,0.004070351758793972,940
941,09:41,0.0033015075376884436,941
942,09:42,0.003241206030150755,942
943,09:43,0.0036482412060301517,943
944,09:44,0.004542713567839198,944
945,09:45,0.0037889447236180928,945
946,09:46,0.004135678391959802,946
947,09:47,0.0040452261306532684,947
948,09:48,0.0038391959798994993,948
949,09:49,0.0036180904522613083,949
950,09:50,0.0029346733668341716,950
951,09:51,0.0031306532663316596,951
952,09:52,0.0032060301507537696,952
953,09:53,0.0041457286432160815,953
954,09:54,0.003814070351758796,954
955,09:55,0.003949748743718595,955
956,09:56,0.00412562814070352,956
957,09:57,0.0049095477386934695,957
958,09:58,0.0058743718592964836,958
959,09:59,0.003969849246231158,959
1000,10:00,0.0036783919597989973,1000
1001,10:01,0.0038391959798994998,1001
1002,10:02,0.003884422110552766,1002
1003,10:03,0.004105527638190957,1003
1004,10:04,0.004432160804020103,1004
1005,10:05,0.005000000000000003,1005
1006,10:06,0.004934673366834174,1006
1007,10:07,0.004643216080402013,1007
1008,10:08,0.004326633165829148,1008
1009,10:09,0.0045025125628140724,1009
1010,10:10,0.004065326633165831,1010
1011,10:11,0.004015075376884424,1011
1012,10:12,0.003974874371859299,1012
1013,10:13,0.003934673366834173,1013
1014,10:14,0.004487437185929651,1014
1015,10:15,0.004110552763819098,1015
1016,10:16,0.0037839195979899516,1016
1017,10:17,0.004271356783919601,1017
1018,10:18,0.004020100502512565,1018
1019,10:19,0.003934673366834173,1019
1020,10:20,0.00412562814070352,1020
1021,10:21,0.0041809045226130674,1021
1022,10:22,0.0045879396984924645,1022
1023,10:23,0.004628140703517591,1023
1024,10:24,0.0054020100502512585,1024
1025,10:25,0.005643216080402011,1025
1026,10:26,0.005783919597989952,1026
1027,10:27,0.005025125628140707,1027
1028,10:28,0.004633165829145731,1028
1029,10:29,0.004964824120603018,1029
1030,10:30,0.004718592964824123,1030
1031,10:31,0.0035728643216080417,1031
1032,10:32,0.0038693467336683427,1032
1033,10:33,0.004115577889447237,1033
1034,10:34,0.004050251256281409,1034
1035,10:35,0.004040201005025127,1035
1036,10:36,0.004447236180904524,1036
1037,10:37,0.005060301507537691,1037
1038,10:38,0.004964824120603018,1038
1039,10:39,0.005085427135678393,1039
1040,10:40,0.005140703517587943,1040
1041,10:41,0.005256281407035178,1041
1042,10:42,0.0045376884422110575,1042
1043,10:43,0.005557788944723617,1043
1044,10:44,0.005613065326633165,1044
1045,10:45,0.005809045226130654,1045
1046,10:46,0.005959798994974874,1046
1047,10:47,0.006542713567839196,1047
1048,10:48,0.006979899497487436,1048
1049,10:49,0.006834170854271357,1049
1050,10:50,0.006723618090452261,1050
1051,10:51,0.006135678391959799,1051
1052,10:52,0.0057889447236180915,1052
1053,10:53,0.005814070351758795,1053
1054,10:54,0.00584422110552764,1054
1055,10:55,0.007336683417085426,1055
1056,10:56,0.0061809045226130675,1056
1057,10:57,0.005763819095477388,1057
1058,10:58,0.004804020100502514,1058
1059,10:59,0.004678391959798997,1059
1100,11:00,0.0047788944723618125,1100
1101,11:01,0.004728643216080404,1101
1102,11:02,0.004884422110552766,1102
1103,11:03,0.004597989949748745,1103
1104,11:04,0.00535175879396985,1104
1105,11:05,0.004929648241206033,1105
1106,11:06,0.004748743718592967,1106
1107,11:07,0.00512562814070352,1107
1108,11:08,0.005140703517587941,1108
1109,11:09,0.004331658291457289,1109
1110,11:10,0.005919597989949751,1110
1111,11:11,0.004442211055276384,1111
1112,11:12,0.0046934673366834205,1112
1113,11:13,0.004487437185929651,1113
1114,11:14,0.005783919597989951,1114
1115,11:15,0.005190954773869348,1115
1116,11:16,0.005824120603015079,1116
1117,11:17,0.004733668341708545,1117
1118,11:18,0.007030150753768844,1118
1119,11:19,0.009,1119
1120,11:20,0.010356783919597986,1120
1121,11:21,0.006552763819095479,1121
1122,11:22,0.006150753768844224,1122
1123,11:23,0.006703517587939699,1123
1124,11:24,0.006758793969849247,1124
1125,11:25,0.006236180904522615,1125
1126,11:26,0.006658291457286433,1126
1127,11:27,0.007979899497487437,1127
1128,11:28,0.007306532663316582,1128
1129,11:29,0.006688442211055276,1129
1130,11:30,0.007050251256281406,1130
1131,11:31,0.008005025125628142,1131
1132,11:32,0.006819095477386935,1132
1133,11:33,0.0071407035175879395,1133
1134,11:34,0.006678391959798996,1134
1135,11:35,0.0054673366834170865,1135
1136,11:36,0.005150753768844223,1136
1137,11:37,0.004582914572864323,1137
1138,11:38,0.0045879396984924645,1138
1139,11:39,0.005190954773869348,1139
1140,11:40,0.005442211055276383,1140
1141,11:41,0.0048391959798995,1141
1142,11:42,0.004793969849246234,1142
1143,11:43,0.005502512562814072,1143
1144,11:44,0.005673366834170856,1144
1145,11:45,0.006286432160804019,1145
1146,11:46,0.005854271356783921,1146
1147,11:47,0.006206030150753768,1147
1148,11:48,0.006180904522613064,1148
1149,11:49,0.006095477386934675,1149
1150,11:50,0.005597989949748745,1150
1151,11:51,0.00614070351758794,1151
1152,11:52,0.00534673366834171,1152
1153,11:53,0.0057839195979899494,1153
1154,11:54,0.005748743718592964,1154
1155,11:55,0.006040201005025123,1155
1156,11:56,0.005527638190954774,1156
1157,11:57,0.0053165829145728665,1157
1158,11:58,0.005773869346733669,1158
1159,11:59,0.0059899497487437186,1159
1200,12:00,0.005391959798994978,1200
1201,12:01,0.005472361809045229,1201
1202,12:02,0.004562814070351761,1202
1203,12:03,0.005085427135678394,1203
1204,12:04,0.004396984924623117,1204
1205,12:05,0.0042663316582914595,1205
1206,12:06,0.005457286432160807,1206
1207,12:07,0.0055025125628140725,1207
1208,12:08,0.0052814070351758806,1208
1209,12:09,0.005000000000000003,1209
1210,12:10,0.004386934673366837,1210
1211,12:11,0.004864321608040203,1211
1212,12:12,0.004688442211055279,1212
1213,12:13,0.0044522613065326655,1213
1214,12:14,0.004472361809045228,1214
1215,12:15,0.004236180904522615,1215
1216,12:16,0.006140703517587938,1216
1217,12:17,0.005849246231155778,1217
1218,12:18,0.005030150753768846,1218
1219,12:19,0.005170854271356786,1219
1220,12:20,0.006527638190954773,1220
1221,12:21,0.005763819095477387,1221
1222,12:22,0.006150753768844221,1222
1223,12:23,0.0056180904522613075,1223
1224,12:24,0.004889447236180906,1224
1225,12:25,0.0051959798994974885,1225
1226,12:26,0.005391959798994976,1226
1227,12:27,0.0047587939698492485,1227
1228,12:28,0.00469346733668342,1228
1229,12:29,0.004145728643216082,1229
1230,12:30,0.0031105527638190964,1230
1231,12:31,0.0031457286432160815,1231
1232,12:32,0.0029396984924623133,1232
1233,12:33,0.003738693467336685,1233
1234,12:34,0.004010050251256284,1234
1235,12:35,0.00391959798994975,1235
1236,12:36,0.004381909547738695,1236
1237,12:37,0.003653266331658293,1237
1238,12:38,0.0034120603015075396,1238
1239,12:39,0.003693467336683419,1239
1240,12:40,0.0038693467336683436,1240
1241,12:41,0.004070351758793972,1241
1242,12:42,0.0035477386934673386,1242
1243,12:43,0.00369849246231156,1243
1244,12:44,0.003899497487437188,1244
1245,12:45,0.004417085427135681,1245
1246,12:46,0.004080402010050253,1246
1247,12:47,0.004005025125628142,1247
1248,12:48,0.004331658291457288,1248
1249,12:49,0.004100502512562817,1249
1250,12:50,0.004738693467336686,1250
1251,12:51,0.004814070351758797,1251
1252,12:52,0.004462311557788947,1252
1253,12:53,0.004804020100502516,1253
1254,12:54,0.004969849246231159,1254
1255,12:55,0.004648241206030154,1255
1256,12:56,0.005522613065326634,1256
1257,12:57,0.005567839195979901,1257
1258,12:58,0.004834170854271359,1258
1259,12:59,0.005497487437185931,1259
1300,13:00,0.005814070351758797,1300
1301,13:01,0.0050452261306532685,1301
1302,13:02,0.004994974874371862,1302
1303,13:03,0.004457286432160807,1303
1304,13:04,0.004618090452261309,1304
1305,13:05,0.004005025125628142,1305
1306,13:06,0.004849246231155781,1306
1307,13:07,0.005085427135678396,1307
1308,13:08,0.00512060301507538,1308
1309,13:09,0.005477386934673371,1309
1310,13:10,0.004678391959798998,1310
1311,13:11,0.0047939698492462345,1311
1312,13:12,0.004597989949748747,1312
1313,13:13,0.0052160804020100525,1313
1314,13:14,0.005291457286432164,1314
1315,13:15,0.005768844221105529,1315
1316,13:16,0.005899497487437187,1316
1317,13:17,0.005824120603015077,1317
1318,13:18,0.00562311557788945,1318
1319,13:19,0.005914572864321609,1319
1320,13:20,0.006447236180904523,1320
1321,13:21,0.006251256281407035,1321
1322,13:22,0.006894472361809046,1322
1323,13:23,0.005929648241206032,1323
1324,13:24,0.005592964824120605,1324
1325,13:25,0.006035175879396986,1325
1326,13:26,0.006889447236180902,1326
1327,13:27,0.006241206030150753,1327
1328,13:28,0.00635678391959799,1328
1329,13:29,0.006281407035175881,1329
1330,13:30,0.005809045226130655,1330
1331,13:31,0.005648241206030152,1331
1332,13:32,0.005321608040201007,1332
1333,13:33,0.006572864321608042,1333
1334,13:34,0.006638190954773869,1334
1335,13:35,0.005658291457286434,1335
1336,13:36,0.005989949748743719,1336
1337,13:37,0.005608040201005028,1337
1338,13:38,0.005462311557788947,1338
1339,13:39,0.004889447236180908,1339
1340,13:40,0.00476381909547739,1340
1341,13:41,0.005206030150753771,1341
1342,13:42,0.0055527638190954786,1342
1343,13:43,0.005793969849246234,1343
1344,13:44,0.0054522613065326655,1344
1345,13:45,0.005437185929648243,1345
1346,13:46,0.005562814070351761,1346
1347,13:47,0.00548743718592965,1347
1348,13:48,0.005381909547738695,1348
1349,13:49,0.005326633165829148,1349
1350,13:50,0.005522613065326636,1350
1351,13:51,0.005000000000000003,1351
1352,13:52,0.004748743718592967,1352
1353,13:53,0.0052713567839196,1353
1354,13:54,0.005798994974874372,1354
1355,13:55,0.0067638190954773855,1355
1356,13:56,0.0057889447236180915,1356
1357,13:57,0.005386934673366836,1357
1358,13:58,0.0070552763819095475,1358
1359,13:59,0.006829145728643217,1359
1400,14:00,0.00505025125628141,1400
1401,14:01,0.005502512562814072,1401
1402,14:02,0.005854271356783921,1402
1403,14:03,0.004869346733668344,1403
1404,14:04,0.0055025125628140725,1404
1405,14:05,0.005698492462311559,1405
1406,14:06,0.0056884422110552784,1406
1407,14:07,0.005753768844221108,1407
1408,14:08,0.006100502512562815,1408
1409,14:09,0.005783919597989951,1409
1410,14:10,0.0057688442211055275,1410
1411,14:11,0.005447236180904523,1411
1412,14:12,0.006060301507537689,1412
1413,14:13,0.0057537688442211065,1413
1414,14:14,0.005763819095477389,1414
1415,14:15,0.006643216080402008,1415
1416,14:16,0.007326633165829142,1416
1417,14:17,0.00787939698492462,1417
1418,14:18,0.00723115577889447,1418
1419,14:19,0.006125628140703519,1419
1420,14:20,0.0069547738693467335,1420
1421,14:21,0.007954773869346732,1421
1422,14:22,0.006206030150753768,1422
1423,14:23,0.0057839195979899494,1423
1424,14:24,0.005427135678391961,1424
1425,14:25,0.005824120603015075,1425
1426,14:26,0.007954773869346728,1426
1427,14:27,0.007527638190954769,1427
1428,14:28,0.006462311557788944,1428
1429,14:29,0.005547738693467338,1429
1430,14:30,0.004944723618090455,1430
1431,14:31,0.006080402010050252,1431
1432,14:32,0.005884422110552764,1432
1433,14:33,0.005668341708542715,1433
1434,14:34,0.005417085427135681,1434
1435,14:35,0.005768844221105528,1435
1436,14:36,0.0059045226130653265,1436
1437,14:37,0.006115577889447237,1437
1438,14:38,0.006507537688442211,1438
1439,14:39,0.006366834170854272,1439
1440,14:40,0.006110552763819097,1440
1441,14:41,0.004994974874371862,1441
1442,14:42,0.004522613065326636,1442
1443,14:43,0.004783919597989952,1443
1444,14:44,0.0046080402010050285,1444
1445,14:45,0.005271356783919601,1445
1446,14:46,0.005472361809045229,1446
1447,14:47,0.005497487437185932,1447
1448,14:48,0.0057085427135678424,1448
1449,14:49,0.005462311557788947,1449
1450,14:50,0.005246231155778898,1450
1451,14:51,0.005195979899497491,1451
1452,14:52,0.005497487437185931,1452
1453,14:53,0.005015075376884425,1453
1454,14:54,0.004814070351758797,1454
1455,14:55,0.00533668341708543,1455
1456,14:56,0.005517587939698495,1456
1457,14:57,0.005763819095477388,1457
1458,14:58,0.006492462311557789,1458
1459,14:59,0.005432160804020102,1459
1500,15:00,0.005281407035175882,1500
1501,15:01,0.005849246231155779,1501
1502,15:02,0.00555778894472362,1502
1503,15:03,0.005145728643216082,1503
1504,15:04,0.0047035175879397,1504
1505,15:05,0.0052512562814070384,1505
1506,15:06,0.006120603015075376,1506
1507,15:07,0.006226130653266333,1507
1508,15:08,0.006964824120603014,1508
1509,15:09,0.005984924623115579,1509
1510,15:10,0.0073768844221105525,1510
1511,15:11,0.007311557788944723,1511
1512,15:12,0.006703517587939699,1512
1513,15:13,0.005532663316582915,1513
1514,15:14,0.005080402010050254,1514
1515,15:15,0.006236180904522612,1515
1516,15:16,0.005130653266331661,1516
1517,15:17,0.005658291457286433,1517
1518,15:18,0.005844221105527638,1518
1519,15:19,0.005527638190954775,1519
1520,15:20,0.005693467336683418,1520
1521,15:21,0.006658291457286431,1521
1522,15:22,0.007045226130653265,1522
1523,15:23,0.005246231155778897,1523
1524,15:24,0.005075376884422113,1524
1525,15:25,0.005030150753768847,1525
1526,15:26,0.005447236180904524,1526
1527,15:27,0.005025125628140707,1527
1528,15:28,0.005160804020100505,1528
1529,15:29,0.005462311557788945,1529
1530,15:30,0.005246231155778897,1530
1531,15:31,0.005487437185929649,1531
1532,15:32,0.00571859296482412,1532
1533,15:33,0.005844221105527638,1533
1534,15:34,0.006256281407035175,1534
1535,15:35,0.007376884422110552,1535
1536,15:36,0.006206030150753768,1536
1537,15:37,0.006587939698492461,1537
1538,15:38,0.007633165829145729,1538
1539,15:39,0.007080402010050253,1539
1540,15:40,0.0063969849246231164,1540
1541,15:41,0.006472361809045226,1541
1542,15:42,0.006507537688442211,1542
1543,15:43,0.006914572864321609,1543
1544,15:44,0.0069346733668341695,1544
1545,15:45,0.007030150753768843,1545
1546,15:46,0.006603015075376884,1546
1547,15:47,0.0070402010050251256,1547
1548,15:48,0.0077889447236180916,1548
1549,15:49,0.007427135678391959,1549
1550,15:50,0.006909547738693468,1550
1551,15:51,0.007115577889447236,1551
1552,15:52,0.006427135678391959,1552
1553,15:53,0.006708542713567838,1553
1554,15:54,0.007165829145728642,1554
1555,15:55,0.006984924623115578,1555
1556,15:56,0.0061909547738693465,1556
1557,15:57,0.006562814070351759,1557
1558,15:58,0.007371859296482412,1558
1559,15:59,0.007201005025125627,1559
1600,16:00,0.006115577889447235,1600
1601,16:01,0.005386934673366836,1601
1602,16:02,0.004984924623115581,1602
1603,16:03,0.005693467336683417,1603
1604,16:04,0.005798994974874371,1604
1605,16:05,0.005919597989949749,1605
1606,16:06,0.005356783919597991,1606
1607,16:07,0.0060603015075376895,1607
1608,16:08,0.00651758793969849,1608
1609,16:09,0.005944723618090451,1609
1610,16:10,0.005477386934673368,1610
1611,16:11,0.005899497487437185,1611
1612,16:12,0.005140703517587941,1612
1613,16:13,0.005110552763819097,1613
1614,16:14,0.005608040201005024,1614
1615,16:15,0.005462311557788945,1615
1616,16:16,0.006050251256281407,1616
1617,16:17,0.004994974874371862,1617
1618,16:18,0.005316582914572866,1618
1619,16:19,0.005266331658291459,1619
1620,16:20,0.005311557788944725,1620
1621,16:21,0.005718592964824121,1621
1622,16:22,0.006100502512562814,1622
1623,16:23,0.005814070351758795,1623
1624,16:24,0.0056030150753768855,1624
1625,16:25,0.0052010050251256315,1625
1626,16:26,0.0049145728643216115,1626
1627,16:27,0.0049447236180904545,1627
1628,16:28,0.0052964824120603025,1628
1629,16:29,0.005743718592964823,1629
1630,16:30,0.005763819095477387,1630
1631,16:31,0.00578894472361809,1631
1632,16:32,0.0058994974874371844,1632
1633,16:33,0.005256281407035176,1633
1634,16:34,0.005095477386934675,1634
1635,16:35,0.004738693467336685,1635
1636,16:36,0.004834170854271359,1636
1637,16:37,0.00491959798994975,1637
1638,16:38,0.005412060301507538,1638
1639,16:39,0.005462311557788945,1639
1640,16:40,0.005628140703517586,1640
1641,16:41,0.0066984924623115566,1641
1642,16:42,0.005060301507537691,1642
1643,16:43,0.004271356783919601,1643
1644,16:44,0.004592964824120606,1644
1645,16:45,0.00505025125628141,1645
1646,16:46,0.005246231155778897,1646
1647,16:47,0.005492462311557791,1647
1648,16:48,0.005065326633165832,1648
1649,16:49,0.005226130653266334,1649
1650,16:50,0.005783919597989951,1650
1651,16:51,0.005507537688442213,1651
1652,16:52,0.00490954773869347,1652
1653,16:53,0.005040201005025127,1653
1654,16:54,0.004989949748743722,1654
1655,16:55,0.004366834170854273,1655
1656,16:56,0.004341708542713571,1656
1657,16:57,0.004447236180904525,1657
1658,16:58,0.004452261306532666,1658
1659,16:59,0.004879396984924626,1659
1700,17:00,0.0046934673366834205,1700
1701,17:01,0.004708542713567842,1701
1702,17:02,0.004713567839195983,1702
1703,17:03,0.004834170854271359,1703
1704,17:04,0.0048944723618090475,1704
1705,17:05,0.004959798994974877,1705
1706,17:06,0.005869346733668342,1706
1707,17:07,0.0065778894472361795,1707
1708,17:08,0.006683417085427136,1708
1709,17:09,0.005321608040201006,1709
1710,17:10,0.005824120603015075,1710
1711,17:11,0.006507537688442209,1711
1712,17:12,0.005613065326633167,1712
1713,17:13,0.005894472361809046,1713
1714,17:14,0.005673366834170854,1714
1715,17:15,0.005261306532663318,1715
1716,17:16,0.004869346733668344,1716
1717,17:17,0.005110552763819097,1717
1718,17:18,0.005492462311557791,1718
1719,17:19,0.00658291457286432,1719
1720,17:20,0.005145728643216082,1720
1721,17:21,0.005577889447236183,1721
1722,17:22,0.005633165829145731,1722
1723,17:23,0.006236180904522616,1723
1724,17:24,0.006095477386934676,1724
1725,17:25,0.006090452261306535,1725
1726,17:26,0.007085427135678391,1726
1727,17:27,0.007351758793969847,1727
1728,17:28,0.007211055276381909,1728
1729,17:29,0.006959798994974873,1729
1730,17:30,0.006934673366834171,1730
1731,17:31,0.006482412060301508,1731
1732,17:32,0.006221105527638193,1732
1733,17:33,0.006437185929648241,1733
1734,17:34,0.006311557788944723,1734
1735,17:35,0.007969849246231155,1735
1736,17:36,0.0067185929648241206,1736
1737,17:37,0.006954773869346734,1737
1738,17:38,0.006361809045226132,1738
1739,17:39,0.0059597989949748765,1739
1740,17:40,0.0056231155778894495,1740
1741,17:41,0.005175879396984927,1741
1742,17:42,0.005984924623115581,1742
1743,17:43,0.006341708542713568,1743
1744,17:44,0.006969849246231154,1744
1745,17:45,0.006412060301507537,1745
1746,17:46,0.0071356783919597966,1746
1747,17:47,0.007190954773869345,1747
1748,17:48,0.006959798994974873,1748
1749,17:49,0.007190954773869346,1749
1750,17:50,0.007276381909547738,1750
1751,17:51,0.007542713567839195,1751
1752,17:52,0.006376884422110553,1752
1753,17:53,0.006206030150753772,1753
1754,17:54,0.005366834170854274,1754
1755,17:55,0.006040201005025126,1755
1756,17:56,0.006185929648241205,1756
1757,17:57,0.00577386934673367,1757
1758,17:58,0.006552763819095478,1758
1759,17:59,0.006472361809045228,1759
1800,18:00,0.0059095477386934695,1800
1801,18:01,0.006527638190954776,1801
1802,18:02,0.006798994974874373,1802
1803,18:03,0.005904522613065329,1803
1804,18:04,0.006432160804020103,1804
1805,18:05,0.006170854271356786,1805
1806,18:06,0.005567839195979902,1806
1807,18:07,0.0058442211055276415,1807
1808,18:08,0.005326633165829148,1808
1809,18:09,0.004643216080402013,1809
1810,18:10,0.004984924623115581,1810
1811,18:11,0.005482412060301509,1811
1812,18:12,0.00614070351758794,1812
1813,18:13,0.00571859296482412,1813
1814,18:14,0.005331658291457289,1814
1815,18:15,0.006130653266331658,1815
1816,18:16,0.006045226130653267,1816
1817,18:17,0.006527638190954772,1817
1818,18:18,0.006311557788944722,1818
1819,18:19,0.006135678391959797,1819
1820,18:20,0.006356783919597989,1820
1821,18:21,0.005884422110552765,1821
1822,18:22,0.006075376884422112,1822
1823,18:23,0.005587939698492464,1823
1824,18:24,0.005361809045226131,1824
1825,18:25,0.005829145728643216,1825
1826,18:26,0.004879396984924626,1826
1827,18:27,0.005286432160804023,1827
1828,18:28,0.004522613065326636,1828
1829,18:29,0.004924623115577891,1829
1830,18:30,0.00598994974874372,1830
1831,18:31,0.005713567839195982,1831
1832,18:32,0.005291457286432163,1832
1833,18:33,0.005994974874371861,1833
1834,18:34,0.005834170854271358,1834
1835,18:35,0.00555778894472362,1835
1836,18:36,0.005281407035175881,1836
1837,18:37,0.005185929648241209,1837
1838,18:38,0.004366834170854273,1838
1839,18:39,0.0052814070351758806,1839
1840,18:40,0.004793969849246234,1840
1841,18:41,0.004331658291457288,1841
1842,18:42,0.004577889447236183,1842
1843,18:43,0.005165829145728645,1843
1844,18:44,0.005085427135678394,1844
1845,18:45,0.005221105527638192,1845
1846,18:46,0.005306532663316586,1846
1847,18:47,0.005291457286432163,1847
1848,18:48,0.0045025125628140724,1848
1849,18:49,0.005376884422110554,1849
1850,18:50,0.00513065326633166,1850
1851,18:51,0.004643216080402013,1851
1852,18:52,0.005005025125628143,1852
1853,18:53,0.004954773869346736,1853
1854,18:54,0.005090452261306534,1854
1855,18:55,0.004879396984924626,1855
1856,18:56,0.005231155778894475,1856
1857,18:57,0.004552763819095479,1857
1858,18:58,0.004597989949748746,1858
1859,18:59,0.004517587939698495,1859
1900,19:00,0.004688442211055279,1900
1901,19:01,0.005150753768844224,1901
1902,19:02,0.005743718592964827,1902
1903,19:03,0.0056733668341708565,1903
1904,19:04,0.005854271356783921,1904
1905,19:05,0.004532663316582917,1905
1906,19:06,0.004346733668341711,1906
1907,19:07,0.00490954773869347,1907
1908,19:08,0.005080402010050253,1908
1909,19:09,0.0048090452261306555,1909
1910,19:10,0.005085427135678393,1910
1911,19:11,0.004884422110552767,1911
1912,19:12,0.004804020100502515,1912
1913,19:13,0.0048090452261306555,1913
1914,19:14,0.004643216080402013,1914
1915,19:15,0.0047587939698492485,1915
1916,19:16,0.004301507537688444,1916
1917,19:17,0.004386934673366837,1917
1918,19:18,0.004266331658291459,1918
1919,19:19,0.004035175879396987,1919
1920,19:20,0.00441708542713568,1920
1921,19:21,0.004356783919597992,1921
1922,19:22,0.0038894472361809063,1922
1923,19:23,0.003974874371859298,1923
1924,19:24,0.0046231155778894495,1924
1925,19:25,0.005226130653266334,1925
1926,19:26,0.004703517587939701,1926
1927,19:27,0.004603015075376887,1927
1928,19:28,0.0050954773869346754,1928
1929,19:29,0.004889447236180907,1929
1930,19:30,0.0050452261306532685,1930
1931,19:31,0.004361809045226132,1931
1932,19:32,0.0039447236180904545,1932
1933,19:33,0.004075376884422112,1933
1934,19:34,0.0040301507537688465,1934
1935,19:35,0.0036683417085427153,1935
1936,19:36,0.003673366834170856,1936
1937,19:37,0.004969849246231158,1937
1938,19:38,0.00384422110552764,1938
1939,19:39,0.0041809045226130674,1939
1940,19:40,0.0047738693467336705,1940
1941,19:41,0.004110552763819097,1941
1942,19:42,0.0039748743718592975,1942
1943,19:43,0.004542713567839197,1943
1944,19:44,0.003502512562814071,1944
1945,19:45,0.003733668341708544,1945
1946,19:46,0.004738693467336685,1946
1947,19:47,0.005015075376884425,1947
1948,19:48,0.005698492462311559,1948
1949,19:49,0.005768844221105528,1949
1950,19:50,0.004884422110552766,1950
1951,19:51,0.00476884422110553,1951
1952,19:52,0.004929648241206033,1952
1953,19:53,0.004462311557788947,1953
1954,19:54,0.004507537688442214,1954
1955,19:55,0.004422110552763822,1955
1956,19:56,0.004110552763819097,1956
1957,19:57,0.004291457286432163,1957
1958,19:58,0.004577889447236183,1958
1959,19:59,0.00434170854271357,1959
2000,20:00,0.003517587939698494,2000
2001,20:01,0.003457286432160806,2001
2002,20:02,0.0032110552763819113,2002
2003,20:03,0.003356783919597992,2003
2004,20:04,0.0035427135678391974,2004
2005,20:05,0.004070351758793972,2005
2006,20:06,0.004000000000000002,2006
2007,20:07,0.003758793969849248,2007
2008,20:08,0.004125628140703519,2008
2009,20:09,0.0037587939698492485,2009
2010,20:10,0.0035778894472361824,2010
2011,20:11,0.0040301507537688465,2011
2012,20:12,0.004522613065326636,2012
2013,20:13,0.0040804020100502535,2013
2014,20:14,0.0032010050251256293,2014
2015,20:15,0.0041155778894472386,2015
2016,20:16,0.004567839195979902,2016
2017,20:17,0.004683417085427138,2017
2018,20:18,0.004321608040201007,2018
2019,20:19,0.003894472361809047,2019
2020,20:20,0.004296482412060303,2020
2021,20:21,0.004020100502512565,2021
2022,20:22,0.00391959798994975,2022
2023,20:23,0.003854271356783921,2023
2024,20:24,0.003854271356783921,2024
2025,20:25,0.004015075376884424,2025
2026,20:26,0.004864321608040203,2026
2027,20:27,0.004929648241206033,2027
2028,20:28,0.005100502512562816,2028
2029,20:29,0.005241206030150756,2029
2030,20:30,0.0056030150753768855,2030
2031,20:31,0.005035175879396987,2031
2032,20:32,0.004668341708542715,2032
2033,20:33,0.005095477386934675,2033
2034,20:34,0.005336683417085427,2034
2035,20:35,0.005256281407035177,2035
2036,20:36,0.004386934673366836,2036
2037,20:37,0.004386934673366837,2037
2038,20:38,0.005115577889447236,2038
2039,20:39,0.0050251256281407045,2039
2040,20:40,0.004919597989949751,2040
2041,20:41,0.005175879396984927,2041
2042,20:42,0.004969849246231158,2042
2043,20:43,0.005442211055276385,2043
2044,20:44,0.004648241206030153,2044
2045,20:45,0.0046381909547738714,2045
2046,20:46,0.0049296482412060335,2046
2047,20:47,0.004633165829145731,2047
2048,20:48,0.005090452261306535,2048
2049,20:49,0.005587939698492464,2049
2050,20:50,0.004919597989949751,2050
2051,20:51,0.004728643216080404,2051
2052,20:52,0.005236180904522615,2052
2053,20:53,0.004804020100502514,2053
2054,20:54,0.0050753768844221114,2054
2055,20:55,0.004829145728643218,2055
2056,20:56,0.005150753768844223,2056
2057,20:57,0.006698492462311557,2057
2058,20:58,0.00564321608040201,2058
2059,20:59,0.005236180904522615,2059
2100,21:00,0.005226130653266333,2100
2101,21:01,0.005301507537688443,2101
2102,21:02,0.0047537688442211064,2102
2103,21:03,0.004160804020100504,2103
2104,21:04,0.004391959798994976,2104
2105,21:05,0.004336683417085428,2105
2106,21:06,0.0042964824120603025,2106
2107,21:07,0.0042160804020100525,2107
2108,21:08,0.003899497487437187,2108
2109,21:09,0.004542713567839199,2109
2110,21:10,0.004618090452261308,2110
2111,21:11,0.004743718592964826,2111
2112,21:12,0.00535175879396985,2112
2113,21:13,0.004597989949748745,2113
2114,21:14,0.004391959798994977,2114
2115,21:15,0.004105527638190956,2115
2116,21:16,0.004140703517587941,2116
2117,21:17,0.004447236180904525,2117
2118,21:18,0.0049447236180904545,2118
2119,21:19,0.005246231155778897,2119
2120,21:20,0.00549246231155779,2120
2121,21:21,0.004829145728643219,2121
2122,21:22,0.004120603015075378,2122
2123,21:23,0.005010050251256283,2123
2124,21:24,0.004688442211055279,2124
2125,21:25,0.004251256281407037,2125
2126,21:26,0.004396984924623117,2126
2127,21:27,0.005733668341708544,2127
2128,21:28,0.0060904522613065325,2128
2129,21:29,0.0056733668341708565,2129
2130,21:30,0.005005025125628142,2130
2131,21:31,0.004899497487437189,2131
2132,21:32,0.004025125628140705,2132
2133,21:33,0.004090452261306534,2133
2134,21:34,0.004743718592964826,2134
2135,21:35,0.004165829145728645,2135
2136,21:36,0.004597989949748745,2136
2137,21:37,0.00506030150753769,2137
2138,21:38,0.005628140703517588,2138
2139,21:39,0.005366834170854273,2139
2140,21:40,0.004834170854271359,2140
2141,21:41,0.0044522613065326655,2141
2142,21:42,0.004693467336683419,2142
2143,21:43,0.004351758793969851,2143
2144,21:44,0.003798994974874374,2144
2145,21:45,0.003291457286432162,2145
2146,21:46,0.003090452261306535,2146
2147,21:47,0.0034723618090452277,2147
2148,21:48,0.003326633165829147,2148
2149,21:49,0.003854271356783921,2149
2150,21:50,0.003432160804020102,2150
2151,21:51,0.003909547738693469,2151
2152,21:52,0.0037386934673366845,2152
2153,21:53,0.003160804020100504,2153
2154,21:54,0.003653266331658293,2154
2155,21:55,0.003728643216080404,2155
2156,21:56,0.003768844221105529,2156
2157,21:57,0.00377386934673367,2157
2158,21:58,0.004045226130653268,2158
2159,21:59,0.004512562814070353,2159
2200,22:00,0.003231155778894473,2200
2201,22:01,0.004050251256281409,2201
2202,22:02,0.003246231155778896,2202
2203,22:03,0.0034572864321608054,2203
2204,22:04,0.0031708542713567854,2204
2205,22:05,0.0027638190954773875,2205
2206,22:06,0.0030904522613065337,2206
2207,22:07,0.0036482412060301517,2207
2208,22:08,0.0033316582914572884,2208
2209,22:09,0.003432160804020102,2209
2210,22:10,0.004266331658291459,2210
2211,22:11,0.004522613065326635,2211
2212,22:12,0.00376884422110553,2212
2213,22:13,0.0034522613065326646,2213
2214,22:14,0.0036381909547738714,2214
2215,22:15,0.0036783919597989964,2215
2216,22:16,0.0038693467336683427,2216
2217,22:17,0.0033869346733668357,2217
2218,22:18,0.00349246231155779,2218
2219,22:19,0.0035527638190954785,2219
2220,22:20,0.003296482412060303,2220
2221,22:21,0.0032613065326633182,2221
2222,22:22,0.0032060301507537705,2222
2223,22:23,0.00299497487437186,2223
2224,22:24,0.003778894472361811,2224
2225,22:25,0.004829145728643219,2225
2226,22:26,0.003798994974874373,2226
2227,22:27,0.004020100502512564,2227
2228,22:28,0.004125628140703518,2228
2229,22:29,0.003537688442211056,2229
2230,22:30,0.0038592964824120625,2230
2231,22:31,0.0034271356783919615,2231
2232,22:32,0.003170854271356785,2232
2233,22:33,0.0029296482412060313,2233
2234,22:34,0.0029899497487437194,2234
2235,22:35,0.0027889447236180915,2235
2236,22:36,0.0025829145728643215,2236
2237,22:37,0.003341708542713569,2237
2238,22:38,0.004211055276381911,2238
2239,22:39,0.0030402010050251268,2239
2240,22:40,0.0034020100502512576,2240
2241,22:41,0.0035678391959799004,2241
2242,22:42,0.003658291457286434,2242
2243,22:43,0.0027889447236180915,2243
2244,22:44,0.003748743718592966,2244
2245,22:45,0.004135678391959801,2245
2246,22:46,0.004371859296482414,2246
2247,22:47,0.003924623115577891,2247
2248,22:48,0.003934673366834173,2248
2249,22:49,0.004396984924623118,2249
2250,22:50,0.005346733668341712,2250
2251,22:51,0.005261306532663319,2251
2252,22:52,0.005537688442211058,2252
2253,22:53,0.004934673366834173,2253
2254,22:54,0.004090452261306535,2254
2255,22:55,0.005678391959798998,2255
2256,22:56,0.005552763819095479,2256
2257,22:57,0.006286432160804021,2257
2258,22:58,0.005281407035175881,2258
2259,22:59,0.005000000000000003,2259
2300,23:00,0.004422110552763822,2300
2301,23:01,0.004713567839195983,2301
2302,23:02,0.005597989949748744,2302
2303,23:03,0.004899497487437188,2303
2304,23:04,0.0030502512562814088,2304
2305,23:05,0.004256281407035178,2305
2306,23:06,0.0046733668341708565,2306
2307,23:07,0.005507537688442213,2307
2308,23:08,0.005261306532663317,2308
2309,23:09,0.005708542713567841,2309
2310,23:10,0.005748743718592967,2310
2311,23:11,0.006095477386934675,2311
2312,23:12,0.0055025125628140725,2312
2313,23:13,0.006175879396984926,2313
2314,23:14,0.005698492462311561,2314
2315,23:15,0.006185929648241206,2315
2316,23:16,0.006015075376884422,2316
2317,23:17,0.005884422110552765,2317
2318,23:18,0.005959798994974876,2318
2319,23:19,0.0058592964824120625,2319
2320,23:20,0.005241206030150757,2320
2321,23:21,0.004829145728643219,2321
2322,23:22,0.0042713567839196,2322
2323,23:23,0.0037889447236180915,2323
2324,23:24,0.003854271356783921,2324
2325,23:25,0.0047437185929648275,2325
2326,23:26,0.004944723618090455,2326
2327,23:27,0.004562814070351761,2327
2328,23:28,0.004618090452261309,2328
2329,23:29,0.004798994974874374,2329
2330,23:30,0.004884422110552767,2330
2331,23:31,0.00441708542713568,2331
2332,23:32,0.004422110552763822,2332
2333,23:33,0.004688442211055279,2333
2334,23:34,0.004989949748743721,2334
2335,23:35,0.004361809045226133,2335
2336,23:36,0.0038844221105527655,2336
2337,23:37,0.003603015075376886,2337
2338,23:38,0.003673366834170856,2338
2339,23:39,0.004442211055276385,2339
2340,23:40,0.004346733668341711,2340
2341,23:41,0.004668341708542716,2341
2342,23:42,0.0044020100502512585,2342
2343,23:43,0.0042713567839196,2343
2344,23:44,0.004371859296482415,2344
2345,23:45,0.00512060301507538,2345
2346,23:46,0.004959798994974877,2346
2347,23:47,0.00447738693467337,2347
2348,23:48,0.004824120603015078,2348
2349,23:49,0.00434170854271357,2349
2350,23:50,0.003974874371859299,2350
2351,23:51,0.004442211055276385,2351
2352,23:52,0.005326633165829148,2352
2353,23:53,0.004964824120603018,2353
2354,23:54,0.005281407035175882,2354
2355,23:55,0.004939698492462314,2355
2356,23:56,0.004467336683417088,2356
2357,23:57,0.0049296482412060335,2357
2358,23:58,0.0053165829145728665,2358
2359,23:59,0.005391959798994977,2359
2400,00:00,0.00512060301507538,2400
2401,00:01,0.005105527638190957,2401
2402,00:02,0.00505527638190955,2402
2403,00:03,0.005050251256281409,2403
2404,00:04,0.004552763819095479,2404
2405,00:05,0.00384422110552764,2405
2406,00:06,0.004105527638190957,2406
2407,00:07,0.0042160804020100525,2407
2408,00:08,0.0055226130653266365,2408
2409,00:09,0.005834170854271358,2409
2410,00:10,0.005924623115577892,2410
2411,00:11,0.004422110552763822,2411
2412,00:12,0.004462311557788947,2412
2413,00:13,0.004829145728643219,2413
2414,00:14,0.004929648241206033,2414
2415,00:15,0.004562814070351761,2415
2416,00:16,0.005507537688442213,2416
2417,00:17,0.005582914572864324,2417
2418,00:18,0.005658291457286434,2418
2419,00:19,0.005793969849246231,2419
2420,00:20,0.005638190954773869,2420
2421,00:21,0.0057839195979899494,2421
2422,00:22,0.005140703517587941,2422
2423,00:23,0.004643216080402013,2423
2424,00:24,0.004969849246231159,2424
2425,00:25,0.005266331658291459,2425
2426,00:26,0.00513065326633166,2426
2427,00:27,0.005698492462311558,2427
2428,00:28,0.00621608040201005,2428
2429,00:29,0.0057336683417085425,2429
2430,00:30,0.0052964824120603025,2430
2431,00:31,0.005522613065326634,2431
2432,00:32,0.005919597989949749,2432
2433,00:33,0.0056834170854271355,2433
2434,00:34,0.005381909547738695,2434
2435,00:35,0.005190954773869348,2435
2436,00:36,0.005648241206030152,2436
2437,00:37,0.0060402010050251255,2437
2438,00:38,0.006005025125628141,2438
2439,00:39,0.005492462311557791,2439
2440,00:40,0.005100502512562816,2440
2441,00:41,0.006035175879396985,2441
2442,00:42,0.005969849246231155,2442
2443,00:43,0.00548743718592965,2443
2444,00:44,0.005582914572864322,2444
2445,00:45,0.005165829145728645,2445
2446,00:46,0.008728643216080398,2446
2447,00:47,0.007497487437185928,2447
2448,00:48,0.0054673366834170865,2448
2449,00:49,0.005824120603015076,2449
2450,00:50,0.006195979899497487,2450
2451,00:51,0.005613065326633167,2451
2452,00:52,0.005718592964824121,2452
2453,00:53,0.00505025125628141,2453
2454,00:54,0.0050954773869346754,2454
2455,00:55,0.006336683417085429,2455
2456,00:56,0.006698492462311558,2456
2457,00:57,0.005597989949748746,2457
2458,00:58,0.005618090452261308,2458
2459,00:59,0.005361809045226132,2459
2500,01:00,0.005884422110552765,2500
2501,01:01,0.00547738693467337,2501
2502,01:02,0.005140703517587943,2502
2503,01:03,0.005603015075376886,2503
2504,01:04,0.005080402010050254,2504
2505,01:05,0.005105527638190957,2505
2506,01:06,0.004929648241206033,2506
2507,01:07,0.005658291457286434,2507
2508,01:08,0.005713567839195981,2508
2509,01:09,0.005698492462311559,2509
2510,01:10,0.005467336683417088,2510
2511,01:11,0.005175879396984926,2511
2512,01:12,0.005718592964824122,2512
2513,01:13,0.005246231155778897,2513
2514,01:14,0.005572864321608043,2514
2515,01:15,0.004954773869346736,2515
2516,01:16,0.005417085427135681,2516
2517,01:17,0.005180904522613068,2517
2518,01:18,0.005070351758793973,2518
2519,01:19,0.005396984924623118,2519
2520,01:20,0.005788944723618093,2520
2521,01:21,0.005567839195979901,2521
2522,01:22,0.00527638190954774,2522
2523,01:23,0.005457286432160807,2523
2524,01:24,0.004773869346733671,2524
2525,01:25,0.004788944723618093,2525
2526,01:26,0.0050954773869346754,2526
2527,01:27,0.004944723618090455,2527
2528,01:28,0.00469849246231156,2528
2529,01:29,0.004552763819095479,2529
2530,01:30,0.004773869346733671,2530
2531,01:31,0.004643216080402013,2531
2532,01:32,0.005432160804020102,2532
2533,01:33,0.005080402010050253,2533
2534,01:34,0.004577889447236183,2534
2535,01:35,0.004035175879396987,2535
2536,01:36,0.0044371859296482435,2536
2537,01:37,0.004201005025125631,2537
2538,01:38,0.003899497487437188,2538
2539,01:39,0.004532663316582917,2539
2540,01:40,0.004366834170854273,2540
2541,01:41,0.004211055276381911,2541
2542,01:42,0.00391457286432161,2542
2543,01:43,0.0038793969849246243,2543
2544,01:44,0.0037889447236180923,2544
2545,01:45,0.0039949748743718615,2545
2546,01:46,0.004050251256281409,2546
2547,01:47,0.00406030150753769,2547
2548,01:48,0.0037085427135678407,2548
2549,01:49,0.004035175879396987,2549
2550,01:50,0.003954773869346735,2550
2551,01:51,0.0038492462311557805,2551
2552,01:52,0.003814070351758796,2552
2553,01:53,0.003638190954773871,2553
2554,01:54,0.003567839195979901,2554
2555,01:55,0.003814070351758795,2555
2556,01:56,0.00434170854271357,2556
2557,01:57,0.00441206030150754,2557
2558,01:58,0.004442211055276384,2558
2559,01:59,0.0039246231155778905,2559
2600,02:00,0.003080402010050253,2600
2601,02:01,0.0040301507537688465,2601
2602,02:02,0.004608040201005028,2602
2603,02:03,0.004381909547738695,2603
2604,02:04,0.004748743718592966,2604
2605,02:05,0.004231155778894474,2605
2606,02:06,0.00291959798994975,2606
2607,02:07,0.002804020100502514,2607
2608,02:08,0.0027085427135678406,2608
2609,02:09,0.00369849246231156,2609
2610,02:10,0.004236180904522615,2610
2611,02:11,0.0037236180904522635,2611
2612,02:12,0.0030854271356783934,2612
2613,02:13,0.0028643216080402024,2613
2614,02:14,0.0030000000000000022,2614
2615,02:15,0.003105527638190957,2615
2616,02:16,0.0039095477386934694,2616
2617,02:17,0.0030000000000000014,2617
2618,02:18,0.0027788944723618103,2618
2619,02:19,0.003462311557788946,2619
2620,02:20,0.003251256281407037,2620
2621,02:21,0.003653266331658293,2621
2622,02:22,0.0034321608040201023,2622
2623,02:23,0.0031557788944723635,2623
2624,02:24,0.003291457286432162,2624
2625,02:25,0.003969849246231158,2625
2626,02:26,0.002909547738693469,2626
2627,02:27,0.0028542713567839212,2627
2628,02:28,0.002969849246231157,2628
2629,02:29,0.0033819095477386953,2629
2630,02:30,0.0027336683417085433,2630
2631,02:31,0.0028994974874371874,2631
2632,02:32,0.0030954773869346745,2632
2633,02:33,0.0028492462311557804,2633
2634,02:34,0.002909547738693469,2634
2635,02:35,0.002738693467336684,2635
2636,02:36,0.0026984924623115586,2636
2637,02:37,0.0033165829145728656,2637
2638,02:38,0.0028844221105527646,2638
2639,02:39,0.002381909547738694,2639
2640,02:40,0.002246231155778895,2640
2641,02:41,0.0023165829145728647,2641
2642,02:42,0.0025125628140703522,2642
2643,02:43,0.002391959798994976,2643
2644,02:44,0.0023819095477386944,2644
2645,02:45,0.0025025125628140715,2645
2646,02:46,0.002331658291457287,2646
2647,02:47,0.0025276381909547746,2647
2648,02:48,0.0023768844221105532,2648
2649,02:49,0.0022311557788944726,2649
2650,02:50,0.0023768844221105537,2650
2651,02:51,0.0023768844221105532,2651
2652,02:52,0.002829145728643217,2652
2653,02:53,0.0030552763819095487,2653
2654,02:54,0.00334673366834171,2654
2655,02:55,0.0023869346733668352,2655
2656,02:56,0.0027939698492462327,2656
2657,02:57,0.0027185929648241218,2657
2658,02:58,0.002874371859296484,2658
2659,02:59,0.002417085427135679,2659
2700,03:00,0.002562814070351759,2700
2701,03:01,0.002386934673366835,2701
2702,03:02,0.002829145728643217,2702
2703,03:03,0.002417085427135678,2703
2704,03:04,0.0025728643216080408,2704
2705,03:05,0.002793969849246232,2705
2706,03:06,0.002864321608040202,2706
2707,03:07,0.00263819095477387,2707
2708,03:08,0.0026884422110552766,2708
2709,03:09,0.0032010050251256293,2709
2710,03:10,0.003231155778894474,2710
2711,03:11,0.0038040201005025143,2711
2712,03:12,0.0037085427135678415,2712
2713,03:13,0.0027638190954773875,2713
2714,03:14,0.002728643216080403,2714
2715,03:15,0.0027537688442211064,2715
2716,03:16,0.0028693467336683427,2716
2717,03:17,0.003085427135678393,2717
2718,03:18,0.002331658291457287,2718
2719,03:19,0.002246231155778895,2719
2720,03:20,0.002346733668341709,2720
2721,03:21,0.002160804020100503,2721
2722,03:22,0.0022814070351758796,2722
2723,03:23,0.0023567839195979905,2723
2724,03:24,0.0024522613065326637,2724
2725,03:25,0.0028442211055276397,2725
2726,03:26,0.002904522613065328,2726
2727,03:27,0.0032613065326633182,2727
2728,03:28,0.0021407035175879407,2728
2729,03:29,0.0021859296482412065,2729
2730,03:30,0.0024422110552763826,2730
2731,03:31,0.0033366834170854283,2731
2732,03:32,0.0034371859296482427,2732
2733,03:33,0.003155778894472363,2733
2734,03:34,0.002643216080402011,2734
2735,03:35,0.0023366834170854282,2735
2736,03:36,0.0026633165829145736,2736
2737,03:37,0.0030150753768844233,2737
2738,03:38,0.002381909547738694,2738
2739,03:39,0.0020351758793969855,2739
2740,03:40,0.0026733668341708556,2740
2741,03:41,0.002798994974874373,2741
2742,03:42,0.0029547738693467347,2742
2743,03:43,0.002834170854271358,2743
2744,03:44,0.002552763819095478,2744
2745,03:45,0.0025125628140703527,2745
2746,03:46,0.0028391959798994984,2746
2747,03:47,0.0025376884422110557,2747
2748,03:48,0.0024623115577889457,2748
2749,03:49,0.0028190954773869353,2749
2750,03:50,0.0027135678391959806,2750
2751,03:51,0.00263819095477387,2751
2752,03:52,0.002663316582914573,2752
2753,03:53,0.0026683417085427144,2753
2754,03:54,0.0020452261306532667,2754
2755,03:55,0.0025929648241206035,2755
2756,03:56,0.0020351758793969855,2756
2757,03:57,0.0016030150753768848,2757
2758,03:58,0.0018090452261306537,2758
2759,03:59,0.001874371859296483,2759
2800,04:00,0.001542713567839196,2800
2801,04:01,0.0022864321608040204,2801
2802,04:02,0.0021708542713567845,2802
2803,04:03,0.0018190954773869355,2803
2804,04:04,0.0018341708542713576,2804
2805,04:05,0.0015628140703517594,2805
2806,04:06,0.0016834170854271363,2806
2807,04:07,0.0021206030150753776,2807
2808,04:08,0.0017788944723618099,2808
2809,04:09,0.0018090452261306541,2809
2810,04:10,0.0016683417085427141,2810
2811,04:11,0.0014572864321608044,2811
2812,04:12,0.0016432160804020104,2812
2813,04:13,0.001668341708542714,2813
2814,04:14,0.0018894472361809052,2814
2815,04:15,0.0017286432160804027,2815
2816,04:16,0.0015376884422110555,2816
2817,04:17,0.0014874371859296485,2817
2818,04:18,0.0016381909547738696,2818
2819,04:19,0.0020201005025125627,2819
2820,04:20,0.0015025125628140706,2820
2821,04:21,0.0012663316582914572,2821
2822,04:22,0.001532663316582915,2822
2823,04:23,0.0012160804020100503,2823
2824,04:24,0.0012110552763819095,2824
2825,04:25,0.0013869346733668343,2825
2826,04:26,0.0018994974874371859,2826
2827,04:27,0.001618090452261307,2827
2828,04:28,0.0016884422110552764,2828
2829,04:29,0.0018190954773869348,2829
2830,04:30,0.0015678391959798998,2830
2831,04:31,0.0014422110552763819,2831
2832,04:32,0.0018944723618090455,2832
2833,04:33,0.0024321608040201014,2833
2834,04:34,0.0017788944723618094,2834
2835,04:35,0.002326633165829146,2835
2836,04:36,0.0024321608040201005,2836
2837,04:37,0.0026934673366834174,2837
2838,04:38,0.002075376884422111,2838
2839,04:39,0.0022914572864321616,2839
2840,04:40,0.0014170854271356786,2840
2841,04:41,0.0012814070351758794,2841
2842,04:42,0.0015577889447236184,2842
2843,04:43,0.0017236180904522617,2843
2844,04:44,0.0014371859296482413,2844
2845,04:45,0.0013969849246231157,2845
2846,04:46,0.0012663316582914572,2846
2847,04:47,0.0012964824120603015,2847
2848,04:48,0.0014120603015075378,2848
2849,04:49,0.0012160804020100503,2849
2850,04:50,0.0010150753768844222,2850
2851,04:51,0.0011708542713567839,2851
2852,04:52,0.0013819095477386936,2852
2853,04:53,0.0015376884422110555,2853
2854,04:54,0.001562814070351759,2854
2855,04:55,0.0015577889447236184,2855
2856,04:56,0.001668341708542714,2856
2857,04:57,0.0017939698492462316,2857
2858,04:58,0.0020351758793969855,2858
2859,04:59,0.0015879396984924627,2859
2900,05:00,0.0015879396984924629,2900
2901,05:01,0.0022713567839195985,2901
2902,05:02,0.002236180904522613,2902
2903,05:03,0.002055276381909548,2903
2904,05:04,0.00214572864321608,2904
2905,05:05,0.0023316582914572866,2905
2906,05:06,0.0015728643216080405,2906
2907,05:07,0.001492462311557789,2907
2908,05:08,0.0018492462311557793,2908
2909,05:09,0.0019346733668341714,2909
2910,05:10,0.0013819095477386938,2910
2911,05:11,0.001733668341708543,2911
2912,05:12,0.0019798994974874373,2912
2913,05:13,0.001753768844221106,2913
2914,05:14,0.0015276381909547743,2914
2915,05:15,0.0015678391959799,2915
2916,05:16,0.0016432160804020104,2916
2917,05:17,0.0016683417085427137,2917
2918,05:18,0.0017085427135678393,2918
2919,05:19,0.001321608040201005,2919
2920,05:20,0.0012864321608040202,2920
2921,05:21,0.0014070351758793975,2921
2922,05:22,0.0017989949748743724,2922
2923,05:23,0.0015326633165829151,2923
2924,05:24,0.0015577889447236184,2924
2925,05:25,0.0015678391959799,2925
2926,05:26,0.0020351758793969855,2926
2927,05:27,0.0018944723618090457,2927
2928,05:28,0.001944723618090453,2928
2929,05:29,0.0017437185929648246,2929
2930,05:30,0.0018090452261306535,2930
2931,05:31,0.001753768844221106,2931
2932,05:32,0.0013618090452261308,2932
2933,05:33,0.0015025125628140706,2933
2934,05:34,0.0015376884422110555,2934
2935,05:35,0.0016030150753768844,2935
2936,05:36,0.0014874371859296485,2936
2937,05:37,0.001532663316582915,2937
2938,05:38,0.0014723618090452264,2938
2939,05:39,0.0017085427135678395,2939
2940,05:40,0.0014874371859296487,2940
2941,05:41,0.0013115577889447239,2941
2942,05:42,0.0010150753768844222,2942
2943,05:43,0.0016984924623115582,2943
2944,05:44,0.0014974874371859299,2944
2945,05:45,0.0010603015075376888,2945
2946,05:46,0.0009547738693467337,2946
2947,05:47,0.0007487437185929649,2947
2948,05:48,0.0008542713567839197,2948
2949,05:49,0.0006532663316582914,2949
2950,05:50,0.0007286432160804021,2950
2951,05:51,0.0008793969849246232,2951
2952,05:52,0.0006080402010050251,2952
2953,05:53,0.0008341708542713569,2953
2954,05:54,0.0007286432160804021,2954
2955,05:55,0.001135678391959799,2955
2956,05:56,0.0012311557788944728,2956
2957,05:57,0.0009497487437185929,2957
2958,05:58,0.0012864321608040202,2958
2959,05:59,0.0013316582914572868,2959
