,index
0,0
1,1
2,2
3,3
4,4
5,5
6,6
7,7
8,8
9,9
10,10
11,11
12,12
13,13
14,14
15,15
16,16
17,17
18,18
19,19
20,20
21,28
22,29
23,30
24,31
25,32
26,33
27,34
28,35
29,36
30,37
31,38
32,39
33,40
34,41
35,42
36,43
37,44
38,45
39,46
40,47
41,48
42,49
43,50
44,51
45,52
46,53
47,54
48,55
49,56
50,57
51,58
52,59
53,60
54,61
55,62
56,63
57,64
58,65
59,66
60,67
61,68
62,69
63,70
64,71
65,72
66,76
67,77
68,78
69,79
70,80
71,81
72,82
73,83
74,84
75,85
76,86
77,87
78,88
79,89
80,90
81,91
82,92
83,93
84,94
85,95
86,96
87,97
88,98
89,99
90,100
91,101
92,102
93,103
94,104
95,105
96,106
97,107
98,109
99,110
100,111
101,112
102,113
103,114
104,115
105,116
106,117
107,118
108,119
109,120
110,121
111,122
112,123
113,124
114,125
115,126
116,127
117,128
118,129
119,130
120,131
121,132
122,133
123,134
124,135
125,136
126,137
127,138
128,139
129,140
130,141
131,142
132,143
133,144
134,145
135,146
136,147
137,148
138,149
139,150
140,151
141,152
142,153
143,154
144,155
145,156
146,157
147,158
148,159
149,160
150,161
151,162
152,163
153,164
154,165
155,166
156,167
157,168
158,169
159,170
160,171
161,172
162,173
163,174
164,175
165,176
166,177
167,178
168,179
169,180
170,181
171,182
172,183
173,184
174,185
175,186
176,187
177,188
178,189
179,193
180,194
181,195
182,196
183,197
184,198
185,199
186,200
187,201
188,202
189,203
190,204
191,205
192,206
193,207
194,208
195,209
196,210
197,211
198,212
199,213
200,214
201,215
202,216
203,217
204,218
205,219
206,223
207,224
208,225
209,226
210,227
211,228
212,229
213,230
214,231
215,232
216,233
217,234
218,238
219,239
220,240
221,241
222,242
223,243
224,244
225,245
226,246
227,247
228,248
229,249
230,250
231,251
232,252
233,253
234,254
235,255
236,256
237,257
238,258
239,259
240,260
241,261
242,262
243,263
244,264
245,265
246,266
247,267
248,268
249,269
250,270
251,271
252,272
253,273
254,274
255,275
256,276
257,277
258,278
259,279
260,280
261,281
262,282
263,283
264,284
265,285
266,286
267,287
268,288
269,289
270,290
271,291
272,292
273,293
274,294
275,295
276,296
277,297
278,298
279,299
280,300
281,301
282,302
283,303
284,304
285,305
286,306
287,307
288,308
289,309
290,310
291,311
292,312
293,313
294,314
295,315
296,316
297,317
298,318
299,319
300,320
301,321
302,322
303,323
304,324
305,325
306,329
307,330
308,331
309,332
310,333
311,334
312,335
313,336
314,337
315,338
316,339
317,340
318,341
319,342
320,343
321,344
322,345
323,346
324,350
325,351
326,352
327,353
328,354
329,355
330,356
331,357
332,358
333,359
334,360
335,361
336,362
337,363
338,364
339,365
340,366
341,367
342,368
343,369
344,370
345,371
346,372
347,373
348,374
349,375
350,376
351,377
352,384
353,385
354,386
355,387
356,388
357,389
358,390
359,391
360,392
361,393
362,394
363,395
364,396
365,397
366,398
367,399
368,400
369,401
370,402
371,403
372,404
373,405
374,406
375,407
376,408
377,409
378,410
379,411
380,412
381,413
382,414
383,415
384,416
385,417
386,418
387,419
388,420
389,421
390,422
391,423
392,424
393,425
394,427
395,428
396,429
397,430
398,431
399,432
400,433
401,434
402,435
403,436
404,437
405,438
406,439
407,440
408,441
409,442
410,443
411,444
412,445
413,446
414,447
415,448
416,449
417,450
418,451
419,452
420,453
421,454
422,455
423,456
424,457
425,458
426,459
427,460
428,461
429,462
430,463
431,464
432,465
433,466
434,467
435,468
436,469
437,470
438,471
439,472
440,473
441,474
442,475
443,476
444,477
445,478
446,479
447,480
448,481
449,482
450,483
451,484
452,485
453,486
454,487
455,488
456,489
457,490
458,491
459,492
460,493
461,494
462,495
463,496
464,497
465,498
466,499
467,500
468,501
469,502
470,503
471,504
472,505
473,506
474,507
475,508
476,509
477,510
478,511
479,512
480,513
481,514
482,515
483,516
484,517
485,518
486,519
487,520
488,521
489,522
490,523
491,527
492,528
493,529
494,530
495,531
496,532
497,533
498,534
499,535
500,536
501,537
502,538
503,539
504,540
505,541
506,542
507,543
508,544
509,545
510,546
511,547
512,548
513,549
514,550
515,551
516,552
517,553
518,554
519,555
520,556
521,557
522,558
523,559
524,560
525,561
526,562
527,563
528,564
529,565
530,566
531,567
532,568
533,569
534,570
535,571
536,572
537,573
538,574
539,575
540,576
541,577
542,578
543,579
544,580
545,581
546,582
547,583
548,584
549,585
550,586
551,587
552,588
553,589
554,590
555,591
556,592
557,593
558,594
559,595
560,596
561,597
562,598
563,599
564,600
565,601
566,602
567,603
568,604
569,605
570,606
571,607
572,608
573,609
574,610
575,611
576,612
577,613
578,614
579,615
580,616
581,617
582,618
583,619
584,620
585,621
586,622
587,623
588,624
589,625
590,626
591,627
592,628
593,629
594,630
595,631
596,632
597,633
598,634
599,635
600,636
601,637
602,638
603,639
604,640
605,641
606,642
607,643
608,644
609,645
610,646
611,647
612,648
613,649
614,650
615,651
616,652
617,653
618,654
619,655
620,656
621,657
622,658
623,659
624,660
625,661
626,662
627,663
628,664
629,668
630,669
631,670
632,671
633,672
634,673
635,674
636,675
637,676
638,677
639,678
640,679
641,680
642,681
643,682
644,683
645,684
646,685
647,686
648,687
649,688
650,689
651,690
652,691
653,692
654,693
655,694
656,695
657,696
658,697
659,698
660,699
661,700
662,701
663,702
664,703
665,704
666,705
667,706
668,707
669,708
670,709
671,710
672,711
673,712
674,713
675,714
676,715
677,716
678,717
679,718
680,719
681,720
682,721
683,722
684,723
685,724
686,725
687,726
688,727
689,728
690,729
691,730
692,731
693,732
694,733
695,734
696,735
697,736
698,737
699,738
700,739
701,740
702,741
703,742
704,743
705,744
706,745
707,746
708,747
709,748
710,749
711,750
712,751
713,752
714,753
715,754
716,755
717,756
718,757
719,758
720,759
721,760
722,761
723,762
724,763
725,764
726,765
727,766
728,767
729,768
730,769
731,770
732,771
733,772
734,773
735,774
736,775
737,776
738,777
739,778
740,779
741,780
742,781
743,782
744,783
745,784
746,785
747,786
748,787
749,788
750,789
751,790
752,791
753,792
754,794
755,795
756,796
757,800
758,801
759,802
760,803
761,804
762,805
763,806
764,807
765,808
766,809
767,810
768,811
769,812
770,813
771,814
772,815
773,816
774,817
775,818
776,819
777,820
778,821
779,822
780,826
781,827
782,828
783,829
784,830
785,831
786,832
787,833
788,834
789,835
790,836
791,837
792,838
793,839
794,840
795,841
796,842
797,843
798,844
799,845
800,846
801,847
802,848
803,849
804,850
805,851
806,852
807,853
808,854
809,855
810,856
811,857
812,858
813,859
814,860
815,861
816,862
817,863
818,864
819,865
820,866
821,867
822,868
823,869
824,870
825,871
826,872
827,873
828,874
829,875
830,876
831,877
832,878
833,879
834,880
835,881
836,882
837,883
838,884
839,885
840,886
841,887
842,888
843,889
844,890
845,891
846,892
847,893
848,894
849,895
850,896
851,897
852,898
853,899
854,900
855,901
856,902
857,903
858,904
859,905
860,906
861,908
862,909
863,910
864,911
865,912
866,913
867,914
868,915
869,916
870,917
871,918
872,919
873,920
874,921
875,922
876,923
877,924
878,925
879,926
880,927
881,928
882,929
883,930
884,931
885,932
886,933
887,934
888,935
889,936
890,937
891,938
892,939
893,940
894,941
895,942
896,943
897,944
898,945
899,946
900,950
901,951
902,952
903,953
904,954
905,955
906,956
907,957
908,958
909,959
910,960
911,961
912,962
913,963
914,964
915,965
916,966
917,967
918,968
919,969
920,970
921,971
922,972
923,973
924,974
925,975
926,976
927,977
928,978
929,979
930,980
931,981
932,982
933,983
934,984
935,985
936,986
937,987
938,988
939,989
940,990
941,991
942,992
943,993
944,994
945,995
946,996
947,997
948,998
949,999
950,1000
951,1001
952,1002
953,1003
954,1007
955,1008
956,1009
957,1010
958,1011
959,1012
960,1013
961,1014
962,1015
963,1016
964,1017
965,1018
966,1019
967,1020
968,1021
969,1022
970,1023
971,1024
972,1025
973,1026
974,1027
975,1028
976,1029
977,1030
978,1031
979,1032
980,1036
981,1037
982,1038
983,1039
984,1040
985,1041
986,1042
987,1043
988,1044
989,1045
990,1046
991,1047
992,1048
993,1049
994,1050
995,1051
996,1052
997,1053
998,1054
999,1055
1000,1056
1001,1057
1002,1058
1003,1059
1004,1060
1005,1061
1006,1062
1007,1063
1008,1064
1009,1065
1010,1066
1011,1067
1012,1068
1013,1069
1014,1070
1015,1071
1016,1072
1017,1073
1018,1074
1019,1075
1020,1076
1021,1077
1022,1078
1023,1079
1024,1080
1025,1081
1026,1082
1027,1083
1028,1084
1029,1085
1030,1086
1031,1087
1032,1088
1033,1089
1034,1090
1035,1091
1036,1092
1037,1093
1038,1094
1039,1095
1040,1096
1041,1097
1042,1098
1043,1099
1044,1100
1045,1101
1046,1102
1047,1103
1048,1104
1049,1105
1050,1106
1051,1107
1052,1108
1053,1109
1054,1110
1055,1111
1056,1112
1057,1113
1058,1114
1059,1115
1060,1116
1061,1120
1062,1121
1063,1122
1064,1123
1065,1124
1066,1125
1067,1126
1068,1127
1069,1128
1070,1129
1071,1130
1072,1131
1073,1132
1074,1133
1075,1134
1076,1135
1077,1136
1078,1137
1079,1138
1080,1139
1081,1140
1082,1141
1083,1142
1084,1143
1085,1144
1086,1145
1087,1146
1088,1147
1089,1148
1090,1149
1091,1153
1092,1154
1093,1155
1094,1156
1095,1157
1096,1158
1097,1159
1098,1160
1099,1161
1100,1162
1101,1163
1102,1164
1103,1165
1104,1166
1105,1167
1106,1168
1107,1169
1108,1170
1109,1171
1110,1172
1111,1173
1112,1174
1113,1175
1114,1176
1115,1177
1116,1178
1117,1179
1118,1180
1119,1181
1120,1182
1121,1183
1122,1184
1123,1185
1124,1186
1125,1187
1126,1188
1127,1189
1128,1190
1129,1191
1130,1192
1131,1193
1132,1194
1133,1195
1134,1196
1135,1197
1136,1198
1137,1199
1138,1200
1139,1202
1140,1203
1141,1204
1142,1205
1143,1206
1144,1207
1145,1211
1146,1212
1147,1213
1148,1214
1149,1215
1150,1216
1151,1217
1152,1218
1153,1219
1154,1220
1155,1221
1156,1222
1157,1223
1158,1224
1159,1225
1160,1226
1161,1227
1162,1228
1163,1229
1164,1230
1165,1231
1166,1232
1167,1233
1168,1234
1169,1235
1170,1236
1171,1237
1172,1238
1173,1239
1174,1240
1175,1241
1176,1242
1177,1243
1178,1244
1179,1245
1180,1246
1181,1247
1182,1248
1183,1249
1184,1250
1185,1251
1186,1252
1187,1253
1188,1254
1189,1255
1190,1256
1191,1257
1192,1258
1193,1259
1194,1260
1195,1261
1196,1262
1197,1263
1198,1264
1199,1265
1200,1266
1201,1267
1202,1268
1203,1269
1204,1270
1205,1271
1206,1272
1207,1273
1208,1274
1209,1275
1210,1276
1211,1277
1212,1278
1213,1279
1214,1280
1215,1281
1216,1282
1217,1283
1218,1284
1219,1285
1220,1286
1221,1287
1222,1288
1223,1289
1224,1290
1225,1291
1226,1292
1227,1293
1228,1294
1229,1295
1230,1296
1231,1297
1232,1298
1233,1299
1234,1300
1235,1301
1236,1302
1237,1303
1238,1304
1239,1305
1240,1306
1241,1314
1242,1315
1243,1316
1244,1317
1245,1318
1246,1319
1247,1320
1248,1321
1249,1322
1250,1323
1251,1324
1252,1325
1253,1326
1254,1327
1255,1328
1256,1329
1257,1330
1258,1331
1259,1332
1260,1333
1261,1334
1262,1335
1263,1336
1264,1337
1265,1338
1266,1339
1267,1340
1268,1341
1269,1342
1270,1343
1271,1344
1272,1345
1273,1346
1274,1347
1275,1348
1276,1349
1277,1350
1278,1351
1279,1352
1280,1353
1281,1354
1282,1355
1283,1356
1284,1357
1285,1358
1286,1359
1287,1360
1288,1361
1289,1362
1290,1363
1291,1364
1292,1365
1293,1366
1294,1367
1295,1368
1296,1369
1297,1370
1298,1371
1299,1372
1300,1373
1301,1374
1302,1375
1303,1376
1304,1377
1305,1378
1306,1379
1307,1380
1308,1381
1309,1382
1310,1383
1311,1384
1312,1385
1313,1386
1314,1387
1315,1388
1316,1389
1317,1390
1318,1391
1319,1392
1320,1393
1321,1394
1322,1395
1323,1396
1324,1397
1325,1398
1326,1399
1327,1400
1328,1401
1329,1402
1330,1403
1331,1404
1332,1405
1333,1406
1334,1407
1335,1408
1336,1409
1337,1410
1338,1411
1339,1412
1340,1413
1341,1414
1342,1415
1343,1416
1344,1417
1345,1418
1346,1419
1347,1420
1348,1421
1349,1422
1350,1423
1351,1424
1352,1425
1353,1426
1354,1427
1355,1428
1356,1429
1357,1430
1358,1431
1359,1432
1360,1433
1361,1434
1362,1435
1363,1436
1364,1437
1365,1441
1366,1442
1367,1443
1368,1446
1369,1447
1370,1448
1371,1449
1372,1450
1373,1451
1374,1452
1375,1453
1376,1454
1377,1455
1378,1456
1379,1457
1380,1458
1381,1459
1382,1460
1383,1461
1384,1462
1385,1463
1386,1464
1387,1465
1388,1466
1389,1467
1390,1468
1391,1469
1392,1470
1393,1471
1394,1472
1395,1473
1396,1474
1397,1475
1398,1476
1399,1477
1400,1478
1401,1479
1402,1480
1403,1481
1404,1482
1405,1483
1406,1484
1407,1485
1408,1486
1409,1487
1410,1488
1411,1489
1412,1490
1413,1492
1414,1493
1415,1494
1416,1495
1417,1496
1418,1497
1419,1498
1420,1499
1421,1500
1422,1501
1423,1502
1424,1503
1425,1504
1426,1505
1427,1506
1428,1507
1429,1508
1430,1509
1431,1510
1432,1511
1433,1512
1434,1519
1435,1520
1436,1521
1437,1522
1438,1523
1439,1524
1440,1525
1441,1526
1442,1527
1443,1528
1444,1529
1445,1530
1446,1531
1447,1532
1448,1533
1449,1534
1450,1535
1451,1536
1452,1537
1453,1538
1454,1539
1455,1540
1456,1541
1457,1542
1458,1543
1459,1544
1460,1545
1461,1546
1462,1547
1463,1548
1464,1549
1465,1550
1466,1551
1467,1555
1468,1556
1469,1557
1470,1558
1471,1559
1472,1560
1473,1561
1474,1562
1475,1563
1476,1564
1477,1565
1478,1566
1479,1567
1480,1568
1481,1569
1482,1570
1483,1571
1484,1572
1485,1573
1486,1574
1487,1575
1488,1576
1489,1577
1490,1578
1491,1579
1492,1580
1493,1581
1494,1582
1495,1583
1496,1584
1497,1585
1498,1586
1499,1587
1500,1588
1501,1589
1502,1590
1503,1591
1504,1592
1505,1593
1506,1594
1507,1595
1508,1596
1509,1597
1510,1598
1511,1599
1512,1606
1513,1607
1514,1608
1515,1609
1516,1610
1517,1611
1518,1612
1519,1613
1520,1614
1521,1615
1522,1616
1523,1617
1524,1618
1525,1619
1526,1620
1527,1621
1528,1622
1529,1623
1530,1624
1531,1625
1532,1626
1533,1627
1534,1628
1535,1629
1536,1630
1537,1631
1538,1632
1539,1633
1540,1634
1541,1635
1542,1636
1543,1637
1544,1638
1545,1639
1546,1640
1547,1641
1548,1642
1549,1643
1550,1644
1551,1645
1552,1646
1553,1647
1554,1648
1555,1649
1556,1650
1557,1651
1558,1652
1559,1653
1560,1654
1561,1655
1562,1656
1563,1657
1564,1658
1565,1659
1566,1663
1567,1664
1568,1665
1569,1666
1570,1667
1571,1668
1572,1669
1573,1670
1574,1671
1575,1672
1576,1673
1577,1674
1578,1675
1579,1676
1580,1677
1581,1678
1582,1679
1583,1680
1584,1681
1585,1682
1586,1683
1587,1684
1588,1685
1589,1686
1590,1687
1591,1688
1592,1689
1593,1690
1594,1691
1595,1692
1596,1693
1597,1694
1598,1695
1599,1696
1600,1697
1601,1698
1602,1706
1603,1707
1604,1708
1605,1709
1606,1710
1607,1711
1608,1712
1609,1713
1610,1714
1611,1715
1612,1716
1613,1717
1614,1718
1615,1719
1616,1720
1617,1721
1618,1722
1619,1723
1620,1724
1621,1725
1622,1726
1623,1727
1624,1728
1625,1729
1626,1730
1627,1731
1628,1732
1629,1733
1630,1734
1631,1735
1632,1736
1633,1737
1634,1738
1635,1739
1636,1740
1637,1741
1638,1742
1639,1743
1640,1744
1641,1745
1642,1746
1643,1747
1644,1748
1645,1749
1646,1750
1647,1751
1648,1752
1649,1753
1650,1754
1651,1755
1652,1756
1653,1757
1654,1758
1655,1759
1656,1760
1657,1761
1658,1762
1659,1763
1660,1764
1661,1765
1662,1766
1663,1767
1664,1768
1665,1769
1666,1770
1667,1771
1668,1772
1669,1773
1670,1774
1671,1775
1672,1776
1673,1777
1674,1778
1675,1779
1676,1780
1677,1781
1678,1782
1679,1783
1680,1784
1681,1785
1682,1786
1683,1787
1684,1788
1685,1789
1686,1790
1687,1791
1688,1792
1689,1793
1690,1794
1691,1795
1692,1796
1693,1797
1694,1798
1695,1805
1696,1806
1697,1807
1698,1808
1699,1809
1700,1810
1701,1811
1702,1812
1703,1813
1704,1814
1705,1815
1706,1816
1707,1817
1708,1818
1709,1819
1710,1820
1711,1821
1712,1822
1713,1823
1714,1824
1715,1825
1716,1826
1717,1827
1718,1828
1719,1829
1720,1830
1721,1831
1722,1832
1723,1833
1724,1834
1725,1835
1726,1836
1727,1837
1728,1838
1729,1839
1730,1840
1731,1841
1732,1842
1733,1843
1734,1844
1735,1845
1736,1846
1737,1847
1738,1848
1739,1849
1740,1850
1741,1851
1742,1852
1743,1853
1744,1854
1745,1855
1746,1856
1747,1857
1748,1858
1749,1859
1750,1860
1751,1861
1752,1862
1753,1863
1754,1864
1755,1865
1756,1866
1757,1867
1758,1868
1759,1869
1760,1870
1761,1871
1762,1872
1763,1873
1764,1874
1765,1875
1766,1876
1767,1877
1768,1878
1769,1879
1770,1880
1771,1881
1772,1882
1773,1884
1774,1885
1775,1886
1776,1890
1777,1891
1778,1892
1779,1893
1780,1894
1781,1895
1782,1896
1783,1897
1784,1898
1785,1899
1786,1900
1787,1901
1788,1902
1789,1903
1790,1904
1791,1905
1792,1906
1793,1907
1794,1908
1795,1909
1796,1910
1797,1911
1798,1912
1799,1913
1800,1914
1801,1915
1802,1916
1803,1917
1804,1918
1805,1919
1806,1920
1807,1921
1808,1922
1809,1923
1810,1924
1811,1925
1812,1926
1813,1927
1814,1928
1815,1929
1816,1930
1817,1931
1818,1932
1819,1933
1820,1934
1821,1935
1822,1936
1823,1937
1824,1938
1825,1939
1826,1940
1827,1941
1828,1942
1829,1943
1830,1944
1831,1945
1832,1946
1833,1947
1834,1948
1835,1949
1836,1950
1837,1951
1838,1952
1839,1953
1840,1954
1841,1955
1842,1956
1843,1957
1844,1958
1845,1959
1846,1960
1847,1961
1848,1962
1849,1963
1850,1964
1851,1965
1852,1966
1853,1967
1854,1968
1855,1969
1856,1970
1857,1971
1858,1972
1859,1973
1860,1974
1861,1975
1862,1976
1863,1977
1864,1978
1865,1979
1866,1980
1867,1981
1868,1982
1869,1983
1870,1984
1871,1985
1872,1986
1873,1987
1874,1988
1875,1989
1876,1990
1877,1991
1878,1992
1879,1993
1880,1994
1881,1995
1882,1996
1883,1997
1884,1998
1885,1999
1886,2000
1887,2001
1888,2002
1889,2003
1890,2004
1891,2005
1892,2006
1893,2007
1894,2008
1895,2009
1896,2010
1897,2011
1898,2012
1899,2013
1900,2014
1901,2015
1902,2016
1903,2017
1904,2018
1905,2019
1906,2020
1907,2021
1908,2022
1909,2023
1910,2024
1911,2025
1912,2026
1913,2027
1914,2028
1915,2029
1916,2030
1917,2031
1918,2032
1919,2033
1920,2034
1921,2035
1922,2036
1923,2037
1924,2038
1925,2039
1926,2040
1927,2041
1928,2042
1929,2043
1930,2044
1931,2046
1932,2047
1933,2048
1934,2049
1935,2050
1936,2051
1937,2055
1938,2056
1939,2057
1940,2058
1941,2059
1942,2060
1943,2061
1944,2062
1945,2063
1946,2064
1947,2065
1948,2066
1949,2067
1950,2068
1951,2069
1952,2070
1953,2071
1954,2072
1955,2073
1956,2074
1957,2075
1958,2076
1959,2077
1960,2078
1961,2079
1962,2080
1963,2081
1964,2082
1965,2083
1966,2084
1967,2085
1968,2086
1969,2087
1970,2088
1971,2089
1972,2090
1973,2091
1974,2092
1975,2093
1976,2094
1977,2095
1978,2096
1979,2097
1980,2098
1981,2099
1982,2101
1983,2102
1984,2103
1985,2104
1986,2105
1987,2106
1988,2107
1989,2108
1990,2109
1991,2110
1992,2111
1993,2112
1994,2113
1995,2114
1996,2115
1997,2116
1998,2117
1999,2118
2000,2119
2001,2120
2002,2121
2003,2122
2004,2123
2005,2124
2006,2125
2007,2126
2008,2127
2009,2128
2010,2129
2011,2130
2012,2131
2013,2132
2014,2133
2015,2134
2016,2135
2017,2136
2018,2137
2019,2138
2020,2139
2021,2140
2022,2142
2023,2143
2024,2144
2025,2145
2026,2146
2027,2147
2028,2148
2029,2149
2030,2150
2031,2151
2032,2152
2033,2153
2034,2154
2035,2155
2036,2156
2037,2157
2038,2158
2039,2159
2040,2160
2041,2161
2042,2162
2043,2163
2044,2164
2045,2165
2046,2166
2047,2167
2048,2168
2049,2169
2050,2170
2051,2171
2052,2172
2053,2173
2054,2174
2055,2179
2056,2180
2057,2181
2058,2182
2059,2183
2060,2184
2061,2185
2062,2186
2063,2187
2064,2188
2065,2189
2066,2190
2067,2191
2068,2192
2069,2193
2070,2194
2071,2195
2072,2196
2073,2197
2074,2198
2075,2199
2076,2200
2077,2201
2078,2202
2079,2203
2080,2204
2081,2205
2082,2206
2083,2207
2084,2208
2085,2209
2086,2210
2087,2211
2088,2212
2089,2213
2090,2214
2091,2215
2092,2216
2093,2217
2094,2218
2095,2219
2096,2220
2097,2221
2098,2222
2099,2223
2100,2224
2101,2225
2102,2226
2103,2227
2104,2228
2105,2229
2106,2233
2107,2234
2108,2235
2109,2236
2110,2237
2111,2238
2112,2239
2113,2240
2114,2241
2115,2242
2116,2243
2117,2244
2118,2246
2119,2247
2120,2248
2121,2249
2122,2250
2123,2251
2124,2252
2125,2253
2126,2254
2127,2255
2128,2256
2129,2257
2130,2258
2131,2259
2132,2260
2133,2261
2134,2262
2135,2263
2136,2264
2137,2265
2138,2266
2139,2267
2140,2268
2141,2269
2142,2273
2143,2274
2144,2275
2145,2276
2146,2277
2147,2278
2148,2279
2149,2280
2150,2281
2151,2282
2152,2283
2153,2284
2154,2285
2155,2286
2156,2287
2157,2288
2158,2289
2159,2290
2160,2291
2161,2292
2162,2293
2163,2294
2164,2295
2165,2296
2166,2297
2167,2298
2168,2299
2169,2303
2170,2304
2171,2305
2172,2306
2173,2307
2174,2308
2175,2309
2176,2310
2177,2311
2178,2312
2179,2313
2180,2314
2181,2315
2182,2316
2183,2317
2184,2318
2185,2319
2186,2320
2187,2321
2188,2322
2189,2323
2190,2324
2191,2325
2192,2326
2193,2327
2194,2328
2195,2329
2196,2330
2197,2331
2198,2332
2199,2333
2200,2334
2201,2335
2202,2336
2203,2337
2204,2338
2205,2339
2206,2340
2207,2341
2208,2342
2209,2343
2210,2344
2211,2346
2212,2347
2213,2348
2214,2349
2215,2350
2216,2351
2217,2352
2218,2353
2219,2354
2220,2355
2221,2356
2222,2357
2223,2358
2224,2359
2225,2360
2226,2361
2227,2362
2228,2363
2229,2364
2230,2365
2231,2366
2232,2367
2233,2368
2234,2369
2235,2370
2236,2371
2237,2372
2238,2373
2239,2374
2240,2375
2241,2376
2242,2377
2243,2378
2244,2379
2245,2380
2246,2381
2247,2382
2248,2383
2249,2384
2250,2385
2251,2386
2252,2387
2253,2388
2254,2389
2255,2390
2256,2391
2257,2392
2258,2393
2259,2394
2260,2395
2261,2396
2262,2397
2263,2398
2264,2399
2265,2400
2266,2401
2267,2402
2268,2403
2269,2404
2270,2405
2271,2406
2272,2407
2273,2408
2274,2409
2275,2410
2276,2411
2277,2412
2278,2413
2279,2414
2280,2415
2281,2416
2282,2417
2283,2418
2284,2419
2285,2420
2286,2421
2287,2422
2288,2423
2289,2427
2290,2428
2291,2429
2292,2430
2293,2431
2294,2432
2295,2433
2296,2434
2297,2435
2298,2436
2299,2437
2300,2438
2301,2439
2302,2440
2303,2441
2304,2442
2305,2443
2306,2444
2307,2445
2308,2446
2309,2447
2310,2448
2311,2449
2312,2450
2313,2451
2314,2452
2315,2453
2316,2454
2317,2455
2318,2456
2319,2457
2320,2458
2321,2459
2322,2460
2323,2461
2324,2462
2325,2463
2326,2464
2327,2465
2328,2469
2329,2470
2330,2471
2331,2472
2332,2473
2333,2474
2334,2475
2335,2476
2336,2477
2337,2478
2338,2479
2339,2480
2340,2481
2341,2482
2342,2483
2343,2484
2344,2485
2345,2486
2346,2487
2347,2488
2348,2489
2349,2490
2350,2491
2351,2492
2352,2493
2353,2494
2354,2495
2355,2496
2356,2497
2357,2498
2358,2499
2359,2500
2360,2501
2361,2502
2362,2503
2363,2504
2364,2505
2365,2506
2366,2507
2367,2508
2368,2509
2369,2510
2370,2511
2371,2512
2372,2513
2373,2514
2374,2515
2375,2516
2376,2517
2377,2518
2378,2519
2379,2521
2380,2522
2381,2523
2382,2524
2383,2525
2384,2526
2385,2527
2386,2528
2387,2529
2388,2530
2389,2531
2390,2532
2391,2533
2392,2534
2393,2535
2394,2536
2395,2537
2396,2538
2397,2539
2398,2540
2399,2541
2400,2542
2401,2543
2402,2544
2403,2545
2404,2546
2405,2547
2406,2548
2407,2549
2408,2550
2409,2551
2410,2552
2411,2553
2412,2554
2413,2555
2414,2556
2415,2557
2416,2558
2417,2559
2418,2560
2419,2561
2420,2562
2421,2563
2422,2564
2423,2565
2424,2566
2425,2567
2426,2568
2427,2569
2428,2570
2429,2571
2430,2572
2431,2573
2432,2574
2433,2575
2434,2576
2435,2577
2436,2578
2437,2579
2438,2580
2439,2581
2440,2582
2441,2583
2442,2584
2443,2585
2444,2586
2445,2587
2446,2588
2447,2589
2448,2590
2449,2591
2451,2593
2452,2594
2453,2595
2454,2596
2455,2597
2456,2598
2457,2599
2458,2600
2459,2601
2460,2602
2461,2603
2462,2604
2463,2605
2464,2606
2465,2607
2466,2608
2467,2609
2468,2610
2469,2611
2470,2612
2471,2613
2472,2614
2473,2615
2474,2616
2475,2617
2476,2618
2477,2622
2478,2623
2479,2624
2480,2628
2481,2629
2482,2630
2483,2631
2484,2632
2485,2633
2486,2634
2487,2635
2488,2636
2489,2637
2490,2638
2491,2639
2492,2640
2493,2641
2494,2642
2495,2643
2496,2644
2497,2645
2498,2646
2499,2647
2500,2648
2501,2649
2502,2650
2503,2651
2504,2652
2505,2653
2506,2654
2507,2655
2508,2656
2509,2657
2510,2658
2511,2659
2512,2660
2513,2661
2514,2662
2515,2663
2516,2664
2517,2665
2518,2666
2519,2667
2520,2668
2521,2669
2522,2670
2523,2671
2524,2672
2525,2673
2526,2674
2527,2675
2528,2676
2529,2677
2530,2678
2531,2679
2532,2680
2533,2681
2534,2682
2535,2683
2536,2687
2537,2688
2538,2689
2539,2690
2540,2691
2541,2692
2542,2693
2543,2694
2544,2695
2545,2696
2546,2697
2547,2698
2548,2699
2549,2700
2550,2701
2551,2702
2552,2703
2553,2704
2554,2705
2555,2706
2556,2707
2557,2714
2558,2715
2559,2716
2560,2717
2561,2718
2562,2719
2563,2720
2564,2721
2565,2722
2566,2723
2567,2724
2568,2725
2569,2726
2570,2727
2571,2728
2572,2729
2573,2730
2574,2731
2575,2732
2576,2733
2577,2734
2578,2735
2579,2736
2580,2737
2581,2738
2582,2739
2583,2743
2584,2744
2585,2745
2586,2746
2587,2747
2588,2748
2589,2749
2590,2750
2591,2751
2592,2752
2593,2753
2594,2754
2595,2755
2596,2756
2597,2757
2598,2758
2599,2759
2600,2760
2601,2761
2602,2762
2603,2763
2604,2764
2605,2765
2606,2766
2607,2767
2608,2768
2609,2769
2610,2770
2611,2771
2612,2772
2613,2773
2614,2774
2615,2775
2616,2776
2617,2777
2618,2778
2619,2779
2620,2780
2621,2781
2622,2782
2623,2783
2624,2784
2625,2785
2626,2786
2627,2787
2628,2788
2629,2789
2630,2796
2631,2797
2632,2798
2633,2799
2634,2800
2635,2801
2636,2802
2637,2803
2638,2804
2639,2805
2640,2806
2641,2807
2642,2808
2643,2809
2644,2810
2645,2811
2646,2812
2647,2813
2648,2814
2649,2815
2650,2816
2651,2817
2652,2818
2653,2819
2654,2820
2655,2821
2656,2822
2657,2823
2658,2824
2659,2825
2660,2826
2661,2827
2662,2828
2663,2832
2664,2833
2665,2834
2666,2835
2667,2836
2668,2837
2669,2838
2670,2839
2671,2840
2672,2841
2673,2842
2674,2843
2675,2844
2676,2845
2677,2846
2678,2850
2679,2851
2680,2852
2681,2853
2682,2854
2683,2855
2684,2856
2685,2857
2686,2858
2687,2859
2688,2860
2689,2861
2690,2862
2691,2863
2692,2864
2693,2865
2694,2866
2695,2867
2696,2868
2697,2869
2698,2870
2699,2871
2700,2872
2701,2873
2702,2874
2703,2875
2704,2876
2705,2877
2706,2878
2707,2879
2708,2880
2709,2881
2710,2882
2711,2883
2712,2884
2713,2885
2714,2889
2715,2890
